№ п/п;Наименование;Латинское название;Кол-во, шт.;Стандарт;Размер кома, м;Посадочная яма, м;Площадь под посадочные ямы, м2;Условия посадки
;Хвойные деревья
1;Ель обыкновенная;Picea abies;6;IV группа;1,3x1,3x0,6;2,2x2,2x0,85;29,04;
2;Туя западная;Thuja occidentalis;25;III группа;1,0x1,0x0,6;1,9x1,9x0,85;90,25;
;Всего:;;31;;;;119,29
;Лиственные деревья
3;Боярышник обыкновенный;Crataegus laevigata;30;III группа;1,0x1,0x0,6;1,9x1,9x0,85;108,30;
4;Клён Гиннала;Acer ginnala;9;III группа;1,0x1,0x0,6;1,9x1,9x0,85;32,49;
5;Рябина обыкновенная;Sorbus aucuparia;10;IV группа;1,3x1,3x0,6;2,2x2,2x0,85;48,40;
;Всего:;;49;;;;189,19
;Хвойные кустарники
6;Можжевельник казацкий;Juniperus sabina;158;саженец с комом;"d=0,5; h=0,4";"d=1,0; h=0,65";124,09;
;Всего:;;158;;;;124,09
;Лиственные кустарники
7;Гортензия древовидная;Hydrangea arborescens;6;саженец с комом;"d=0,5; h=0,4";"d=1,0; h=0,65";4,71;
8;Гортензия метельчатая;Hydrangea paniculata;9;саженец с комом;"d=0,5; h=0,4";"d=1,0; h=0,65";7,07;
9;Дёрен отпрысковый;Cornus sericea;60;саженец с комом;"d=0,5; h=0,4";"d=1,0; h=0,65";47,12;
10;Жимолость татарская;Lonicera tatarica;386;саженец с комом;"d=0,5; h=0,4";"d=1,0; h=0,65";303,16;
11;Кизильник блестящий;Cotoneaster lucidus;413;саженец с комом;"d=0,5; h=0,4";"d=1,0; h=0,65";324,37;
12;Пузыреплодник калинолистный;Physocarpus opulifolius;8;саженец с комом;"d=0,5; h=0,4";"d=1,0; h=0,65";6,28;меры по недопущению распространения вида на территории иных правообладателей (369-ПП, прил. 2, п. 5.3), удаление самосева и поросли (п. 5.6): 8 шт.
13;Рябинник рябинолистный;Sorbaria sorbifolia;3;саженец с комом;"d=0,5; h=0,4";"d=1,0; h=0,65";2,36;меры по недопущению распространения вида на территории иных правообладателей (369-ПП, прил. 2, п. 5.3), удаление самосева и поросли (п. 5.6): 3 шт.
14;Сирень венгерская;Syringa josikaea;75;саженец с комом;"d=0,5; h=0,4";"d=1,0; h=0,65";58,90;
15;Спирея Вангутта;Spiraea vanhouttei;13;саженец с комом;"d=0,5; h=0,4";"d=1,0; h=0,65";10,21;
;Всего:;;973;;;;764,18
;Всего деревьев;;80;;;;308,48
;Всего кустарников;;1131;;;;888,27
;"Размеры ям: 743-ПП, табл. 3.3.1; стандарт саженца - параметр проекта"
